,KNN,Random,Popular,Election_series,Election_remove_bad
prec@1,1.0,1.0,1.0,1.0,0.0
prec@10,0.8,0.5,0.7,0.7,0.8
recall@10,0.23529411764705882,0.14705882352941177,0.20588235294117646,0.20588235294117646,0.23529411764705882
ndcg,0.8200685179888283,0.5365535816822093,0.6563033086078546,0.7538142945344393,0.7015099647232446
serendipity@10,0.025268817204301075,0.03924731182795701,0.0059139784946236505,0.030107526881720435,0.04032258064516131
